y,pressure0,pressure1
0.0,1e-05,2e-05,3.0000000000000004e-05,4e-05,5e-05,6.000000000000001e-05,7.000000000000001e-05,8e-05,9e-05,0.0001
71.48346671886362,70.62682625783715,68.07289021591401,63.8703335748956,58.10241813318892,50.889347638450516,42.39006386409147,32.8024032119098,22.360722187640715,11.33050465482081,4.436495152629603e-15
40.519778859548055,40.021050573625175,38.53711610337317,36.10443149661188,32.782778960421304,28.653820669668374,23.819115861293056,18.39764396084228,12.522889530670886,6.339557631846199,2.481469034516438e-15
